name	name@xample.com	1965
nameZ	name2@xample.com	2016
userE	usere@example.com	2014
userU	useru@example.com	1967
userW	userw@example.com	1965
userA	usera@example.com	1932
userR	userr@example.com	1900
userC	userc@example.com	1911
userU	useru@example.com	1917
userN	usern@example.com	1961
userL	userl@example.com	1939
userU	useru@example.com	1941
userE	usere@example.com	1915
userW	userw@example.com	1903
userX	userx@example.com	1932
userK	userk@example.com	1914
userX	userx@example.com	1930
userS	users@example.com	2025
userH	userh@example.com	1997
userV	userv@example.com	2016
userC	userc@example.com	2021
userJ	userj@example.com	1991
userJ	userj@example.com	1936
userA	usera@example.com	1984
userI	useri@example.com	1945
userW	userw@example.com	1975
userI	useri@example.com	2026
userH	userh@example.com	1960
userE	usere@example.com	2023
userS	users@example.com	1966
userB	userb@example.com	1985
userR	userr@example.com	1985
